<?xml version="1.0" encoding="UTF-8" standalone="yes"?>
<manifest>
  <control namespace="SampleNamespace" constructor="LinearInputControl" version="1.1.0" display-name-key="LinearInputControl_Display_Key" description-key="LinearInputControl_Desc_Key" control-type="standard" api-version="1.3.4">
    <type-group name="numbers">
      <type>Whole.None</type>
      <type>Currency</type>
      <type>FP</type>
      <type>Decimal</type>
    </type-group>
    <property name="controlValue" display-name-key="controlValue_Display_Key" description-key="controlValue_Desc_Key" of-type-group="numbers" usage="bound" required="true"/>
    <resources>
      <code path="bundle.js" order="1"/>
      <css path="css/Style.css" order="1"/>
    </resources>
    <built-by name="pac" version="1.16.6"/>
  </control>
</manifest>